INSERT INTO STUDENT(student_id, std_name, home_phone, total_credits, gpa, advisor_id) VALUES ('S001', 'John Doe', '123-456-7890', 60, 3.75, 'F001');
INSERT INTO STUDENT(student_id, std_name, home_phone, total_credits, gpa, advisor_id) VALUES ('S002', 'Jane Smith', '987-654-3210', 45, 3.20, 'F002');
INSERT INTO STUDENT(student_id, std_name, home_phone, total_credits, gpa, advisor_id) VALUES ('S003', 'Alice Johnson', '111-222-3333', 75, 3.90, 'F001');
INSERT INTO STUDENT(student_id, std_name, home_phone, total_credits, gpa, advisor_id) VALUES ('S004', 'Robert Lee', '444-555-6666', 90, 3.65, 'F002');
INSERT INTO STUDENT(student_id, std_name, home_phone, total_credits, gpa, advisor_id) VALUES ('S005', 'Mary Adams', '777-888-9999', 30, 2.80, 'F003');
INSERT INTO STUDENT(student_id, std_name, home_phone, total_credits, gpa, advisor_id) VALUES ('S006', 'David Wilson', '111-222-3333', 60, 3.40, 'F001');
INSERT INTO STUDENT(student_id, std_name, home_phone, total_credits, gpa, advisor_id) VALUES ('S007', 'Linda Clark', '222-333-4444', 45, 3.15, 'F002');
INSERT INTO STUDENT(student_id, std_name, home_phone, total_credits, gpa, advisor_id) VALUES ('S008', 'William Turner', '555-666-7777', 90, 3.80, 'F001');
INSERT INTO STUDENT(student_id, std_name, home_phone, total_credits, gpa, advisor_id) VALUES ('S009', 'Karen Hall', '888-999-0000', 30, 2.95, 'F003');
INSERT INTO STUDENT(student_id, std_name, home_phone, total_credits, gpa, advisor_id) VALUES ('S010', 'Michael Johnson', '111-222-3333', 60, 3.25, 'F001');
INSERT INTO STUDENT(student_id, std_name, home_phone, total_credits, gpa, advisor_id) VALUES ('S011', 'Michelle Adams', '222-333-4444', 45, 3.60, 'F002');
INSERT INTO STUDENT(student_id, std_name, home_phone, total_credits, gpa, advisor_id) VALUES ('S012', 'James Brown', '555-666-7777', 90, 3.90, 'F001');
INSERT INTO STUDENT(student_id, std_name, home_phone, total_credits, gpa, advisor_id) VALUES ('S013', 'Laura White', '888-999-0000', 30, 2.75, 'F003');
INSERT INTO STUDENT(student_id, std_name, home_phone, total_credits, gpa, advisor_id) VALUES ('S014', 'Daniel Smith', '111-222-3333', 60, 3.20, 'F001');
INSERT INTO STUDENT(student_id, std_name, home_phone, total_credits, gpa, advisor_id) VALUES ('S015', 'Emily Davis', '222-333-4444', 45, 3.40, 'F002');
INSERT INTO STUDENT(student_id, std_name, home_phone, total_credits, gpa, advisor_id) VALUES ('S016', 'Alex Johnson', '222-111-4444', 120, 3.80, 'F004');
INSERT INTO STUDENT(student_id, std_name, home_phone, total_credits, gpa, advisor_id) VALUES ('S017', 'Jessica Williams', '333-222-5555', 75, 3.70, 'F005');
INSERT INTO STUDENT(student_id, std_name, home_phone, total_credits, gpa, advisor_id) VALUES ('S018', 'Matthew Davis', '444-333-6666', 90, 3.95, 'F006');
INSERT INTO STUDENT(student_id, std_name, home_phone, total_credits, gpa, advisor_id) VALUES ('S019', 'Sophia Martinez', '555-444-7777', 30, 2.60, 'F007');
INSERT INTO STUDENT(student_id, std_name, home_phone, total_credits, gpa, advisor_id) VALUES ('S020', 'William Taylor', '666-555-8888', 60, 3.45, 'F008');



INSERT INTO COURSE(course#, credit_hours, time, location, faculty_id) VALUES ('C001', 3, 1, 'CDM112', 'F003');
INSERT INTO COURSE(course#, credit_hours, time, location, faculty_id) VALUES ('C002', 4, 2, 'CDM223', 'F004');
INSERT INTO COURSE(course#, credit_hours, time, location, faculty_id) VALUES ('C003', 3, 3, 'CDM334', 'F001');
INSERT INTO COURSE(course#, credit_hours, time, location, faculty_id) VALUES ('C004', 5, 4, 'CDM441', 'F002');
INSERT INTO COURSE(course#, credit_hours, time, location, faculty_id) VALUES ('C005', 3, 1, 'CDM112', 'F003');
INSERT INTO COURSE(course#, credit_hours, time, location, faculty_id) VALUES ('C006', 4, 2, 'CDM223', 'F004');
INSERT INTO COURSE(course#, credit_hours, time, location, faculty_id) VALUES ('C007', 3, 3, 'CDM334', 'F001');
INSERT INTO COURSE(course#, credit_hours, time, location, faculty_id) VALUES ('C008', 5, 4, 'CDM441', 'F002');
INSERT INTO COURSE(course#, credit_hours, time, location, faculty_id) VALUES ('C009', 3, 1, 'CDM112', 'F003');
INSERT INTO COURSE(course#, credit_hours, time, location, faculty_id) VALUES ('C010', 4, 2, 'CDM223', 'F004');
INSERT INTO COURSE(course#, credit_hours, time, location, faculty_id) VALUES ('C011', 3, 3, 'CDM334', 'F001');
INSERT INTO COURSE(course#, credit_hours, time, location, faculty_id) VALUES ('C012', 5, 4, 'CDM441', 'F002');
INSERT INTO COURSE(course#, credit_hours, time, location, faculty_id) VALUES ('C013', 3, 1, 'CDM112', 'F003');
INSERT INTO COURSE(course#, credit_hours, time, location, faculty_id) VALUES ('C014', 4, 2, 'CDM223', 'F004');
INSERT INTO COURSE(course#, credit_hours, time, location, faculty_id) VALUES ('C015', 3, 3, 'CDM334', 'F001');

INSERT INTO ENROLLMENT(student_id, course#, grade) VALUES ('S001', 'C001', 3.50);
INSERT INTO ENROLLMENT(student_id, course#, grade) VALUES ('S001', 'C002', 4.00);
INSERT INTO ENROLLMENT(student_id, course#, grade) VALUES ('S001', 'C003', 3.75);
INSERT INTO ENROLLMENT(student_id, course#, grade) VALUES ('S001', 'C004', 3.80);
INSERT INTO ENROLLMENT(student_id, course#, grade) VALUES ('S001', 'C005', 3.90);
INSERT INTO ENROLLMENT(student_id, course#, grade) VALUES ('S002', 'C001', 3.00);
INSERT INTO ENROLLMENT(student_id, course#, grade) VALUES ('S002', 'C002', 3.75);
INSERT INTO ENROLLMENT(student_id, course#, grade) VALUES ('S002', 'C003', 3.40);
INSERT INTO ENROLLMENT(student_id, course#, grade) VALUES ('S002', 'C004', 3.60);
INSERT INTO ENROLLMENT(student_id, course#, grade) VALUES ('S003', 'C001', 2.75);
INSERT INTO ENROLLMENT(student_id, course#, grade) VALUES ('S003', 'C002', 3.25);
INSERT INTO ENROLLMENT(student_id, course#, grade) VALUES ('S003', 'C005', 3.10);
INSERT INTO ENROLLMENT(student_id, course#, grade) VALUES ('S004', 'C003', 3.90);
INSERT INTO ENROLLMENT(student_id, course#, grade) VALUES ('S004', 'C004', 3.70);
INSERT INTO ENROLLMENT(student_id, course#, grade) VALUES ('S004', 'C006', 3.40);
INSERT INTO ENROLLMENT(student_id, course#, grade) VALUES ('S005', 'C003', 3.20);
INSERT INTO ENROLLMENT(student_id, course#, grade) VALUES ('S005', 'C004', 3.60);
INSERT INTO ENROLLMENT(student_id, course#, grade) VALUES ('S005', 'C006', 3.90);
INSERT INTO ENROLLMENT(student_id, course#, grade) VALUES ('S006', 'C005', 3.80);
INSERT INTO ENROLLMENT(student_id, course#, grade) VALUES ('S006', 'C006', 3.90);
INSERT INTO ENROLLMENT(student_id, course#, grade) VALUES ('S006', 'C007', 3.50);
INSERT INTO ENROLLMENT(student_id, course#, grade) VALUES ('S007', 'C008', 3.30);
INSERT INTO ENROLLMENT(student_id, course#, grade) VALUES ('S007', 'C009', 3.40);
INSERT INTO ENROLLMENT(student_id, course#, grade) VALUES ('S007', 'C010', 3.70);
INSERT INTO ENROLLMENT(student_id, course#, grade) VALUES ('S008', 'C008', 3.80);
INSERT INTO ENROLLMENT(student_id, course#, grade) VALUES ('S008', 'C011', 3.60);
INSERT INTO ENROLLMENT(student_id, course#, grade) VALUES ('S008', 'C012', 3.40);
INSERT INTO ENROLLMENT(student_id, course#, grade) VALUES ('S009', 'C011', 3.20);
INSERT INTO ENROLLMENT(student_id, course#, grade) VALUES ('S009', 'C012', 3.60);
INSERT INTO ENROLLMENT(student_id, course#, grade) VALUES ('S009', 'C013', 3.70);
INSERT INTO ENROLLMENT(student_id, course#, grade) VALUES ('S010', 'C001', 3.50);
INSERT INTO ENROLLMENT(student_id, course#, grade) VALUES ('S010', 'C002', 3.70);
INSERT INTO ENROLLMENT(student_id, course#, grade) VALUES ('S011', 'C001', 3.60);
INSERT INTO ENROLLMENT(student_id, course#, grade) VALUES ('S011', 'C003', 3.40);
INSERT INTO ENROLLMENT(student_id, course#, grade) VALUES ('S011', 'C004', 3.90);
INSERT INTO ENROLLMENT(student_id, course#, grade) VALUES ('S012', 'C002', 3.80);
INSERT INTO ENROLLMENT(student_id, course#, grade) VALUES ('S012', 'C005', 3.60);
INSERT INTO ENROLLMENT(student_id, course#, grade) VALUES ('S012', 'C006', 3.50);
INSERT INTO ENROLLMENT(student_id, course#, grade) VALUES ('S013', 'C005', 3.90);
INSERT INTO ENROLLMENT(student_id, course#, grade) VALUES ('S013', 'C007', 3.30);
INSERT INTO ENROLLMENT(student_id, course#, grade) VALUES ('S013', 'C008', 3.40);
INSERT INTO ENROLLMENT(student_id, course#, grade) VALUES ('S014', 'C006', 3.70);
INSERT INTO ENROLLMENT(student_id, course#, grade) VALUES ('S014', 'C009', 3.80);
INSERT INTO ENROLLMENT(student_id, course#, grade) VALUES ('S014', 'C010', 3.60);
INSERT INTO ENROLLMENT(student_id, course#, grade) VALUES ('S015', 'C013', 3.40);
INSERT INTO ENROLLMENT(student_id, course#, grade) VALUES ('S015', 'C014', 3.20);
INSERT INTO ENROLLMENT(student_id, course#, grade) VALUES ('S015', 'C015', 3.60);

INSERT INTO FACULTY(faculty_id, fac_name, office, salary) VALUES ('F001', 'Professor Johnson', 'Office 101', 75000.00);
INSERT INTO FACULTY(faculty_id, fac_name, office, salary) VALUES ('F002', 'Professor Anderson', 'Office 202', 80000.00);
INSERT INTO FACULTY(faculty_id, fac_name, office, salary) VALUES ('F003', 'Professor Smith', 'Office 303', 90000.00);
INSERT INTO FACULTY(faculty_id, fac_name, office, salary) VALUES ('F004', 'Professor Wilson', 'Office 404', 85000.00);
INSERT INTO FACULTY(faculty_id, fac_name, office, salary) VALUES ('F005', 'Professor Brown', 'Office 505', 95000.00);
INSERT INTO FACULTY(faculty_id, fac_name, office, salary) VALUES ('F006', 'Professor Lee', 'Office 606', 82000.00);
INSERT INTO FACULTY(faculty_id, fac_name, office, salary) VALUES ('F007', 'Professor Davis', 'Office 707', 78000.00);
INSERT INTO FACULTY(faculty_id, fac_name, office, salary) VALUES ('F008', 'Professor Clark', 'Office 808', 88000.00);
INSERT INTO FACULTY(faculty_id, fac_name, office, salary) VALUES ('F009', 'Professor Turner', 'Office 909', 92000.00);
INSERT INTO FACULTY(faculty_id, fac_name, office, salary) VALUES ('F010', 'Professor Hall', 'Office 1010', 80000.00);
INSERT INTO FACULTY(faculty_id, fac_name, office, salary) VALUES ('F011', 'Professor Adams', 'Office 1111', 75000.00);
INSERT INTO FACULTY(faculty_id, fac_name, office, salary) VALUES ('F012', 'Professor White', 'Office 1212', 98000.00);
INSERT INTO FACULTY(faculty_id, fac_name, office, salary) VALUES ('F013', 'Professor Martin', 'Office 1313', 87000.00);
INSERT INTO FACULTY(faculty_id, fac_name, office, salary) VALUES ('F014', 'Professor Moore', 'Office 1414', 90000.00);
INSERT INTO FACULTY(faculty_id, fac_name, office, salary) VALUES ('F015', 'Professor King', 'Office 1515', 93000.00);
